Epoch,Train Loss,Val Loss
1,0.8990825414657593,0.925459086894989
