Epoch,Train Loss,Val Loss
1,0.8855380415916443,0.9249368906021118
